business_name,category,phone,address,zip,stars,review_count,website_url,website_status,new_website_url,google_maps_url,last_verified,notes,possible_owner_name,owner_evidence,place_id,call_status,last_contact_date,contact_notes
Great cut,barber shop / Hair Salon,(303) 366-2736,"15343 E 6th Ave, Aurora, CO 80011, USA",80011,4.8,339,,none,,https://maps.google.com/?cid=1507421074839982170&g_mp=Cidnb29nbGUubWFwcy5wbGFjZXMudjEuUGxhY2VzLlNlYXJjaFRleHQQAhgEIAA,6/5/2026,no website on GBP,Salon,web yelp.com: Updated June; web salons.greatclips.com (owner mention): Salon,ChIJ5XIOpgRjbIcRWlDGHHtv6xQ,not_called,,
Always There Irrigation and Topdressing,sprinkler repair / General Contractor,(720) 635-5542,"6708 W Clifton Pl, Littleton, CO 80128, USA",80128,4.9,183,,none,,https://maps.google.com/?cid=5975551034653237633&g_mp=Cidnb29nbGUubWFwcy5wbGFjZXMudjEuUGxhY2VzLlNlYXJjaFRleHQQAhgEIAA,6/5/2026,no website on GBP,,,ChIJVVWpInl-a4cRgWG5lQFs7VI,not_called,,
Wally's Barber Shop,barber shop / Barber shop,(720) 979-6348,"5066 S Wadsworth Blvd, Littleton, CO 80123, USA",80123,4.8,183,,none,,https://maps.google.com/?cid=9178898742112637241&g_mp=Cidnb29nbGUubWFwcy5wbGFjZXMudjEuUGxhY2VzLlNlYXJjaFRleHQQAhgEIAA,6/5/2026,no website on GBP,,google reviews (mentioned 5x): Wally,ChIJTfQdHHV_a4cROVHnKMb_YX8,not_called,,
Auntie Jen's Pet Grooming,pet grooming / Pet Care,(720) 885-3744,"2020 Youngfield St, Lakewood, CO 80215, USA",80215,5,150,,none,,https://maps.google.com/?cid=9345648532641204484&g_mp=Cidnb29nbGUubWFwcy5wbGFjZXMudjEuUGxhY2VzLlNlYXJjaFRleHQQAhgEIAA,6/5/2026,no website on GBP,,google reviews (mentioned 10x): Jen,ChIJwcGKh_mHa4cRBMm6N9NpsoE,not_called,,
Dream Team Pet Grooming LLC,pet grooming / Pet Care,(303) 726-1492,"6433 W Alameda Ave, Lakewood, CO 80226, USA",80226,4.8,119,,none,,https://maps.google.com/?cid=15852928495979434715&g_mp=Cidnb29nbGUubWFwcy5wbGFjZXMudjEuUGxhY2VzLlNlYXJjaFRleHQQAhgEIAA,6/5/2026,no website on GBP,,,ChIJI3kIvdyAa4cR25KFhHnqANw,not_called,,
VIP BEAUTY SALON & BARBER SHOP,barber shop / Beauty Salon,(720) 695-0086,"673 Peoria St Unit 04 A Aurora Plaza, Aurora, CO 80011, USA",80011,5,111,,none,,https://maps.google.com/?cid=11983067556893853820&g_mp=Cidnb29nbGUubWFwcy5wbGFjZXMudjEuUGxhY2VzLlNlYXJjaFRleHQQAhgEIAA,6/5/2026,no website on GBP,,google reviews (mentioned 5x): Jonathan,ChIJNf21q099bIcRfIgqOHRoTKY,not_called,,
BRIGHT NAILS & SPA,nail salon / Nail Salon,(720) 390-7998,"11614 W Belleview Ave, Littleton, CO 80127, USA",80127,4.9,104,,none,,https://maps.google.com/?cid=10664862884116936711&g_mp=Cidnb29nbGUubWFwcy5wbGFjZXMudjEuUGxhY2VzLlNlYXJjaFRleHQQAhgEIAA,6/5/2026,no website on GBP,,google reviews (mentioned 2x): Lily,ChIJGXwg3Ip5a4cRB7gJykk0AZQ,not_called,,
Barney's Barber Shop,barber shop / Barber shop,(303) 985-1981,"1978 S Garrison St, Lakewood, CO 80227, USA",80227,4.8,101,,none,,https://maps.google.com/?cid=2036042483584251784&g_mp=Cidnb29nbGUubWFwcy5wbGFjZXMudjEuUGxhY2VzLlNlYXJjaFRleHQQAhgEIAA,6/5/2026,no website on GBP,,google reviews (mentioned 4x): Barney,ChIJDb6_ZaCBa4cRiLek9dl5QRw,not_called,,
Super Pups,pet grooming / Pet Care,(720) 628-9725,"305 S Kipling St unit F, Lakewood, CO 80226, USA",80226,4.9,87,,none,,https://maps.google.com/?cid=8082380137452837917&g_mp=Cidnb29nbGUubWFwcy5wbGFjZXMudjEuUGxhY2VzLlNlYXJjaFRleHQQAhgEIAA,6/5/2026,no website on GBP,Joel,google reviews (mentioned 6x): Joel; web nextdoor.com (owner mention): Joel; web yelp.com (owner mention): Joel,ChIJMwKhSySBa4cRHZyMqOlhKnA,not_called,,
Wesco Grooming,pet grooming / Pet Care,(303) 455-3445,"5225 W 25th Ave, Edgewater, CO 80214, USA",80214,4.8,85,,none,,https://maps.google.com/?cid=13881689418498087404&g_mp=Cidnb29nbGUubWFwcy5wbGFjZXMudjEuUGxhY2VzLlNlYXJjaFRleHQQAhgEIAA,6/5/2026,no website on GBP,Jim,google reviews (owner mention): Jim; web yelp.com (owner mention): Jim,ChIJ34jIFWuHa4cR7JngT_qqpcA,not_called,,
Mod Pawz: A Modern Pet Salon,pet grooming / Pet Care,(720) 242-9925,"6725 W Ken Caryl Ave, Littleton, CO 80128, USA",80128,4.8,78,,none,,https://maps.google.com/?cid=7940991027371144053&g_mp=Cidnb29nbGUubWFwcy5wbGFjZXMudjEuUGxhY2VzLlNlYXJjaFRleHQQAhgEIAA,6/5/2026,no website on GBP,,google reviews (mentioned 9x): Jennie,ChIJBwfgznJ_a4cRdXMFJ0QRNG4,not_called,,
Unique Lawn and Landscaping LLC,landscaping / General Contractor,(720) 723-9465,"1406 S Zephyr Ct, Lakewood, CO 80232, USA",80232,5,60,,none,,https://maps.google.com/?cid=12530667335010091840&g_mp=Cidnb29nbGUubWFwcy5wbGFjZXMudjEuUGxhY2VzLlNlYXJjaFRleHQQAhgEIAA,6/5/2026,no website on GBP,,google reviews (mentioned 6x): Loc,ChIJY5lPlNKBa4cRQAPeBY3f5a0,not_called,,
Romero barbershop,barber shop / Barber shop,(720) 621-1463,"1435 Florence St, Aurora, CO 80010, USA",80010,5,58,,none,,https://maps.google.com/?cid=6030988172152128903&g_mp=Cidnb29nbGUubWFwcy5wbGFjZXMudjEuUGxhY2VzLlNlYXJjaFRleHQQAhgEIAA,6/5/2026,no website on GBP,Two,google reviews (mentioned 2x): Mike; web romerothelabel.com (owner mention): Two,ChIJcf_LH6x9bIcRh8W1_clfslM,not_called,,
Real Barbers,barber shop / Barber shop,(303) 797-6066,"5192 S Lowell Blvd, Littleton, CO 80123, USA",80123,4.8,52,,none,,https://maps.google.com/?cid=18135318242321162203&g_mp=Cidnb29nbGUubWFwcy5wbGFjZXMudjEuUGxhY2VzLlNlYXJjaFRleHQQAhgEIAA,6/5/2026,no website on GBP,,google reviews (mentioned 2x): Barber,ChIJeSUzTNh_a4cR2982OtuXrfs,not_called,,
Bee Kneaded Massage,massage therapy / Massage,(904) 240-9345,"709 W Littleton Blvd, Littleton, CO 80120, USA",80120,5,49,,none,,https://maps.google.com/?cid=3447122026439007611&g_mp=Cidnb29nbGUubWFwcy5wbGFjZXMudjEuUGxhY2VzLlNlYXJjaFRleHQQAhgEIAA,6/5/2026,no website on GBP,,google reviews (mentioned 3x): Bekah,ChIJ_9vyKTOAbIcRe11SKzij1i8,not_called,,
Beauty Salon & Barber Shop,barber shop / Beauty Salon,(720) 643-7863,"10815 W Jewell Ave unit C, Lakewood, CO 80226, USA",80226,4.9,49,,none,,https://maps.google.com/?cid=10720783014241310297&g_mp=Cidnb29nbGUubWFwcy5wbGFjZXMudjEuUGxhY2VzLlNlYXJjaFRleHQQAhgEIAA,6/5/2026,no website on GBP,,google reviews (mentioned 6x): Viviana,ChIJ48tfysOBa4cRWRblrVnfx5Q,not_called,,
Mark's Quality Lawn Care,lawn care / Services,(303) 420-2880,"4320 Eaton St, Denver, CO 80212, USA",80212,4.8,47,,none,,https://maps.google.com/?cid=4241271924765914526&g_mp=Cidnb29nbGUubWFwcy5wbGFjZXMudjEuUGxhY2VzLlNlYXJjaFRleHQQAhgEIAA,6/5/2026,no website on GBP,,google reviews (mentioned 7x): Mark,ChIJZZ8vy6OHa4cRnnWCJ1gG3Do,not_called,,
Nail Rume,nail salon / Beauty Salon,(720) 573-8797,"8400 E Iliff Ave #7, Denver, CO 80231, USA",80231,4.8,46,,none,,https://maps.google.com/?cid=3317692108440673770&g_mp=Cidnb29nbGUubWFwcy5wbGFjZXMudjEuUGxhY2VzLlNlYXJjaFRleHQQAhgEIAA,6/5/2026,no website on GBP,,google reviews (mentioned 2x): Pamper,ChIJw4SpOX99bIcR6h25DWXPCi4,not_called,,
Shaggy D Grooming,pet grooming / Pet Care,(303) 658-0542,"15493 E Hampden Ave, Aurora, CO 80013, USA",80013,4.8,43,,none,,https://maps.google.com/?cid=286285943819931882&g_mp=Cidnb29nbGUubWFwcy5wbGFjZXMudjEuUGxhY2VzLlNlYXJjaFRleHQQAhgEIAA,6/5/2026,no website on GBP,,,ChIJvfjeInmJbIcR6hCTkYwX-QM,not_called,,
Soaring Heart Massage Therapy,massage therapy / Massage,(720) 205-2320,"5810 W 38th Ave #8, Wheat Ridge, CO 80212, USA",80212,5,42,,none,,https://maps.google.com/?cid=8146159396610883183&g_mp=Cidnb29nbGUubWFwcy5wbGFjZXMudjEuUGxhY2VzLlNlYXJjaFRleHQQAhgEIAA,6/5/2026,no website on GBP,,google reviews (mentioned 8x): Kalindi,ChIJI9Kzyq-Ha4cRb76zns_4DHE,not_called,,
Mile High Grooming,pet grooming / Pet Care,(303) 761-4249,"4223 S Broadway, Englewood, CO 80113, USA",80113,5,41,,none,,https://maps.google.com/?cid=12624033571430382147&g_mp=Cidnb29nbGUubWFwcy5wbGFjZXMudjEuUGxhY2VzLlNlYXJjaFRleHQQAhgEIAA,6/5/2026,no website on GBP,,google reviews (mentioned 10x): Jenna,ChIJf63DrsOBbIcRQ7q28aWTMa8,not_called,,
Hank's Barber shop,barber shop / Barber shop,(720) 885-4284,"650 E 58th Ave, Denver, CO 80216, USA",80216,4.8,41,,none,,https://maps.google.com/?cid=8024107955431237541&g_mp=Cidnb29nbGUubWFwcy5wbGFjZXMudjEuUGxhY2VzLlNlYXJjaFRleHQQAhgEIAA,6/5/2026,no website on GBP,,google reviews (mentioned 4x): Hank,ChIJE_JYFJZ5bIcRpWfdAqxbW28,not_called,,
American Barbers,barber shop / Barber shop,(720) 645-3123,"975 N Federal Blvd, Denver, CO 80204, USA",80204,4.9,35,,none,,https://maps.google.com/?cid=10044547881130709490&g_mp=Cidnb29nbGUubWFwcy5wbGFjZXMudjEuUGxhY2VzLlNlYXJjaFRleHQQAhgEIAA,6/5/2026,no website on GBP,,google reviews (mentioned 7x): Ben,ChIJqcNvWZ9_bIcR8tEyYBRnZYs,not_called,,
Friendly Shears,barber shop / Barber shop,(720) 628-3715,"5038 Federal Blvd, Denver, CO 80221, USA",80221,4.9,34,,none,,https://maps.google.com/?cid=11749714800929732674&g_mp=Cidnb29nbGUubWFwcy5wbGFjZXMudjEuUGxhY2VzLlNlYXJjaFRleHQQAhgEIAA,6/5/2026,no website on GBP,,google reviews (mentioned 2x): Chief,ChIJlVwOsDh5bIcRQviQ2VtfD6M,not_called,,
Arce Auto Detailing llc,auto detailing,(720) 448-3363,"10218 W Chatfield Ave, Littleton, CO 80127, USA",80127,5,33,,none,,https://maps.google.com/?cid=1912953161895726180&g_mp=Cidnb29nbGUubWFwcy5wbGFjZXMudjEuUGxhY2VzLlNlYXJjaFRleHQQAhgEIAA,6/5/2026,no website on GBP,,,ChIJ__8vIqV-a4cRZEzB9sMsjBo,not_called,,
"Handyman & Sprinkler Services, LLC",sprinkler repair / General Contractor,(720) 273-3263,"4140 S Acoma St, Englewood, CO 80110, USA",80110,5,32,,none,,https://maps.google.com/?cid=3529107794236750309&g_mp=Cidnb29nbGUubWFwcy5wbGFjZXMudjEuUGxhY2VzLlNlYXJjaFRleHQQAhgEIAA,6/5/2026,no website on GBP,,google reviews (mentioned 6x): Andy,ChIJMT4HdvhQ9EsR5TmLQdfo-TA,not_called,,
Urban Barbers at 38th,barber shop / Barber shop,(720) 549-9756,"2915 W 38th Ave, Denver, CO 80211, USA",80211,4.9,32,,none,,https://maps.google.com/?cid=117896988236977716&g_mp=Cidnb29nbGUubWFwcy5wbGFjZXMudjEuUGxhY2VzLlNlYXJjaFRleHQQAhgEIAA,6/5/2026,no website on GBP,,google reviews (mentioned 4x): Sergio,ChIJ65CuZyB5bIcRNBb0p6_aogE,not_called,,
Expertise Cuts & Styles,barber shop / Barber shop,(303) 366-1822,"9721 E Colfax Ave, Aurora, CO 80010, USA",80010,4.8,32,,none,,https://maps.google.com/?cid=2592886037800062243&g_mp=Cidnb29nbGUubWFwcy5wbGFjZXMudjEuUGxhY2VzLlNlYXJjaFRleHQQAhgEIAA,6/5/2026,no website on GBP,,google reviews (mentioned 2x): Been,ChIJW1ugKpF8bIcRI40kGh3I-yM,not_called,,
Special Editions Auto Detail,auto detailing,(303) 507-2487,"Miller St, Lakewood, CO 80215, USA",80215,4.9,31,,none,,https://maps.google.com/?cid=15680910436490184088&g_mp=Cidnb29nbGUubWFwcy5wbGFjZXMudjEuUGxhY2VzLlNlYXJjaFRleHQQAhgEIAA,6/5/2026,no website on GBP,Was,google reviews (owner mention): Was; google reviews (mentioned 2x): Paul,ChIJmYVeK72Ga4cRmIW2AfbIndk,not_called,,
Perro Amor Grooming Service,pet grooming / Hair Salon,(720) 510-9336,"5410 W Alameda Ave, Lakewood, CO 80226, USA",80226,4.9,28,,none,,https://maps.google.com/?cid=9803846424302526652&g_mp=Cidnb29nbGUubWFwcy5wbGFjZXMudjEuUGxhY2VzLlNlYXJjaFRleHQQAhgEIAA,6/5/2026,no website on GBP,,google reviews (mentioned 3x): Daisy,ChIJe46r2xWBa4cRvCAJQWFCDog,not_called,,
"Nice and Clean Car Services, LLC",auto detailing,(720) 586-3770,"2200 S Parker Rd, Denver, CO 80231, USA",80231,4.8,24,,none,,https://maps.google.com/?cid=14691569879595142851&g_mp=Cidnb29nbGUubWFwcy5wbGFjZXMudjEuUGxhY2VzLlNlYXJjaFRleHQQAhgEIAA,6/5/2026,no website on GBP,,google reviews (mentioned 3x): Mike,ChIJATOmIPd9bIcRw84YWvfw4ss,not_called,,
Hair Of The Dog Pet Grooming,pet grooming / Pet Care,,"13993e E Utah Cir, Aurora, CO 80012, USA",80012,5,23,,none,,https://maps.google.com/?cid=7247747353912397548&g_mp=Cidnb29nbGUubWFwcy5wbGFjZXMudjEuUGxhY2VzLlNlYXJjaFRleHQQAhgEIAA,6/5/2026,no website on GBP,Luke,google reviews (mentioned 6x): Melissa; web yelp.com (owner mention): Luke,ChIJ_3r01aBibIcR7M65c9ErlWQ,not_called,,
EL CASTILLO BARBERSHOP,barber shop / Barber shop,(720) 983-7063,"6480 E 73rd Ave, Commerce City, CO 80022, USA",80022,4.8,21,,none,,https://maps.google.com/?cid=273858493937049364&g_mp=Cidnb29nbGUubWFwcy5wbGFjZXMudjEuUGxhY2VzLlNlYXJjaFRleHQQAhgEIAA,6/5/2026,no website on GBP,,google reviews (mentioned 2x): Josue,ChIJz94x1spxbIcRFF_XadnwzAM,not_called,,
Motion Kutz Barbershop,barber shop / Barber shop,(720) 701-8104,"5265 W 48th Ave, Denver, CO 80212, USA",80212,4.8,21,,none,,https://maps.google.com/?cid=14859128787029201792&g_mp=Cidnb29nbGUubWFwcy5wbGFjZXMudjEuUGxhY2VzLlNlYXJjaFRleHQQAhgEIAA,6/5/2026,no website on GBP,,google reviews (mentioned 2x): You,ChIJjxBYLACHa4cRgBOonuc6Ns4,not_called,,
Royals Barbershop,barber shop / Barber shop,(720) 569-7282,"2153 S Chambers Rd, Aurora, CO 80014, USA",80014,4.8,21,,none,,https://maps.google.com/?cid=6970092363314385029&g_mp=Cidnb29nbGUubWFwcy5wbGFjZXMudjEuUGxhY2VzLlNlYXJjaFRleHQQAhgEIAA,6/5/2026,no website on GBP,,google reviews (mentioned 2x): Oscar,ChIJn82iISCJbIcRhVAERxO-umA,not_called,,
Lonestar Blendz Barbershop,barber shop / Barber shop,(720) 260-4805,"1170 S Sheridan Blvd # C, Denver, CO 80232, USA",80232,4.8,20,,none,,https://maps.google.com/?cid=9938577512248638644&g_mp=Cidnb29nbGUubWFwcy5wbGFjZXMudjEuUGxhY2VzLlNlYXJjaFRleHQQAhgEIAA,6/5/2026,no website on GBP,,,ChIJbZqC4ueBa4cRtPxDLpfr7Ik,not_called,,
Castanon Landscape Services,landscaping / Services,(720) 519-2235,"12891 Randolph Pl, Denver, CO 80239, USA",80239,5,19,,none,,https://maps.google.com/?cid=17939093877532927186&g_mp=Cidnb29nbGUubWFwcy5wbGFjZXMudjEuUGxhY2VzLlNlYXJjaFRleHQQAhgEIAA,6/5/2026,no website on GBP,,google reviews (mentioned 4x): Santiago; web mawlawn.com: Castanon Landscape,ChIJscc1Y8VlbIcR0iS8EtZ29Pg,not_called,,
K2's Massage & Bodywork Studio,massage therapy / Massage,(720) 404-3583,"3000 S Jamaica Ct #195, Aurora, CO 80014, USA",80014,4.8,16,,none,,https://maps.google.com/?cid=17764779433881428857&g_mp=Cidnb29nbGUubWFwcy5wbGFjZXMudjEuUGxhY2VzLlNlYXJjaFRleHQQAhgEIAA,6/5/2026,no website on GBP,,google reviews (mentioned 5x): Kristen,ChIJUdgWp2qJbIcReeOq9cUsifY,not_called,,
"Premier Gutter Solutions, LLC.",gutter cleaning / Services,(720) 882-8666,"1414 S Richfield Way, Aurora, CO 80017, USA",80017,5,14,,none,,https://maps.google.com/?cid=17095120363647451297&g_mp=Cidnb29nbGUubWFwcy5wbGFjZXMudjEuUGxhY2VzLlNlYXJjaFRleHQQAhgEIAA,6/5/2026,no website on GBP,,google reviews (mentioned 6x): Alan,ChIJJa3jkcyJbQsRocDAm2URPu0,not_called,,
Kar & Liz Beauty Salon,nail salon / Beauty Salon,(940) 442-4866,"15630 E 6th Ave, Aurora, CO 80011, USA",80011,4.9,14,,none,,https://maps.google.com/?cid=16405343001945599015&g_mp=Cidnb29nbGUubWFwcy5wbGFjZXMudjEuUGxhY2VzLlNlYXJjaFRleHQQAhgEIAA,6/5/2026,no website on GBP,,google reviews (mentioned 2x): Karla,ChIJdz5FTQBjbIcRJ2xogYp8q-M,not_called,,
Victors Seamless Gutters,gutter cleaning / Services,(720) 998-1828,"5115 Kalispell St, Denver, CO 80239, USA",80239,4.8,11,,none,,https://maps.google.com/?cid=1590349470683389313&g_mp=Cidnb29nbGUubWFwcy5wbGFjZXMudjEuUGxhY2VzLlNlYXJjaFRleHQQAhgEIAA,6/5/2026,no website on GBP,,google reviews (mentioned 4x): Fabian,ChIJmcfl6n9lbIcRgV3Q5GoOEhY,not_called,,
Kinkin Details,auto detailing,(720) 692-3308,"12990 Pensacola Pl, Denver, CO 80239, USA",80239,5,10,,none,,https://maps.google.com/?cid=16265827444261847436&g_mp=Cidnb29nbGUubWFwcy5wbGFjZXMudjEuUGxhY2VzLlNlYXJjaFRleHQQAhgEIAA,6/5/2026,no website on GBP,,google reviews (mentioned 6x): Luis,ChIJ6zckxrxlbIcRjAEHaeHTu-E,not_called,,
Green Bean’s Organic Ideas Landscaping and Design LLC,landscaping / General Contractor,(303) 265-1178,"15975 E 13th Pl, Aurora, CO 80011, USA",80011,5,9,,none,,https://maps.google.com/?cid=3328572743354110629&g_mp=Cidnb29nbGUubWFwcy5wbGFjZXMudjEuUGxhY2VzLlNlYXJjaFRleHQQAhgEIAA,6/5/2026,no website on GBP,,google reviews (mentioned 10x): Josh,ChIJ7Y_O9wtjbIcRpVKrSEZ3MS4,not_called,,
Red Rocks Mobile Detailing,auto detailing,,"1843 W Pacific Pl, Denver, CO 80223, USA",80223,5,8,,none,,https://maps.google.com/?cid=8824086639946206483&g_mp=Cidnb29nbGUubWFwcy5wbGFjZXMudjEuUGxhY2VzLlNlYXJjaFRleHQQAhgEIAA,6/5/2026,no website on GBP,,,ChIJSVWCk3J_bIcRE41DCQx0dXo,not_called,,
Guapa's Beauty Salon,nail salon / Beauty Salon,(303) 974-5912,"4621 Peoria St F-2, Denver, CO 80239, USA",80239,4.9,7,,none,,https://maps.google.com/?cid=18335577648387714428&g_mp=Cidnb29nbGUubWFwcy5wbGFjZXMudjEuUGxhY2VzLlNlYXJjaFRleHQQAhgEIAA,6/5/2026,no website on GBP,,,ChIJX40oiYN7bIcRfO29o7kOdf4,not_called,,
El Camerino Hair Studio,nail salon / Beauty Salon,(303) 307-4462,"18607 Green Valley Ranch Blvd Suite 100, Denver, CO 80249, USA",80249,5,6,,none,,https://maps.google.com/?cid=5766382335974757926&g_mp=Cidnb29nbGUubWFwcy5wbGFjZXMudjEuUGxhY2VzLlNlYXJjaFRleHQQAhgEIAA,6/5/2026,no website on GBP,,google reviews (mentioned 2x): Elia,ChIJ_VHeZpVlbIcRJtbc1i5OBlA,not_called,,
Blue Columbine Landscaping,landscaping / General Contractor,(720) 281-7111,"1750 S Tejon St, Denver, CO 80219, USA",80219,5,6,,none,,https://maps.google.com/?cid=5121723960809080853&g_mp=Cidnb29nbGUubWFwcy5wbGFjZXMudjEuUGxhY2VzLlNlYXJjaFRleHQQAhgEIAA,6/5/2026,no website on GBP,,google reviews (mentioned 9x): Alex,ChIJ4dyrWl1_bIcRFcihac4EFEc,not_called,,
AOB Chinese Massage,massage therapy / Massage,(720) 216-3708,"1926 S Federal Blvd Unit D, Denver, CO 80219, USA",80219,4.8,6,,none,,https://maps.google.com/?cid=14433805675923017031&g_mp=Cidnb29nbGUubWFwcy5wbGFjZXMudjEuUGxhY2VzLlNlYXJjaFRleHQQAhgEIAA,6/5/2026,no website on GBP,,,ChIJ30TabY9_bIcRR41o5sktT8g,not_called,,
Brilliant Landscaping LLC,landscaping / General Contractor,(720) 676-8649,"1555 S Newton St, Denver, CO 80219, USA",80219,5,5,,none,,https://maps.google.com/?cid=14907615248977560896&g_mp=Cidnb29nbGUubWFwcy5wbGFjZXMudjEuUGxhY2VzLlNlYXJjaFRleHQQAhgEIAA,6/5/2026,no website on GBP,Frank,web angi.com (owner mention): Frank,ChIJTfZT5wKBa4cRQAWBwxV94s4,not_called,,
Southwest Sprinkler Services,sprinkler repair / General Contractor,(303) 797-2769,"6091 S Marshall Dr, Littleton, CO 80123, USA",80123,5,5,,none,,https://maps.google.com/?cid=14873052299212372572&g_mp=Cidnb29nbGUubWFwcy5wbGFjZXMudjEuUGxhY2VzLlNlYXJjaFRleHQQAhgEIAA,6/5/2026,no website on GBP,,google reviews (mentioned 3x): Todd,ChIJf4EQzKx_a4cRXDpc7EOyZ84,not_called,,
Special Friends Veterinary Clinic & Grooming,pet grooming / Veterinary Care,(303) 363-6636,"509 Airport Blvd C, Aurora, CO 80011, USA",80011,4.8,867,https://specialfriendsvet.com/?utm_source=gmb&utm_medium=organic,placeholder,,https://maps.google.com/?cid=15967817576827981115&g_mp=Cidnb29nbGUubWFwcy5wbGFjZXMudjEuUGxhY2VzLlNlYXJjaFRleHQQAhgEIAA,6/5/2026,page very short (0 chars of text),,,ChIJR3AstqxjbIcROw0SKXwVmd0,not_called,,
Alfani’s Barbershop,barber shop / Barber shop,(720) 379-6471,"1238 E Colfax Ave, Denver, CO 80218, USA",80218,4.8,815,http://alfanisbarbershop.com/,placeholder,,https://maps.google.com/?cid=9407893194987940878&g_mp=Cidnb29nbGUubWFwcy5wbGFjZXMudjEuUGxhY2VzLlNlYXJjaFRleHQQAhgEIAA,6/5/2026,page very short (197 chars of text),,google reviews (mentioned 3x): Abo,ChIJb2TaKc1-bIcRDiwSBASNj4I,not_called,,
Nails Tech Spa & Lash,nail salon / Nail Salon,(303) 274-2536,"5610 W Alameda Ave, Lakewood, CO 80226, USA",80226,4.8,255,https://nailsolutionplus.firebaseapp.com/?storeKey=-N__MnjLOSwGQmSOKcp0,placeholder,,https://maps.google.com/?cid=13773456244581414186&g_mp=Cidnb29nbGUubWFwcy5wbGFjZXMudjEuUGxhY2VzLlNlYXJjaFRleHQQAhgEIAA,6/5/2026,page very short (75 chars of text),,google reviews (mentioned 3x): Tina,ChIJ76XxziGBa4cRKjWpw3olJb8,not_called,,
True Bliss Massage & Reiki,massage therapy / Massage,(720) 440-2067,"740 E 18th Ave, Denver, CO 80218, USA",80218,5,117,http://trueblissmassage.com/,placeholder,,https://maps.google.com/?cid=15995592879263845287&g_mp=Cidnb29nbGUubWFwcy5wbGFjZXMudjEuUGxhY2VzLlNlYXJjaFRleHQQAhgEIAA,6/5/2026,matched placeholder phrase: 'godaddy.com',Sarah,google reviews (owner mention): Sarah,ChIJcwaY38J-bIcRpwtKtPnC-90,not_called,,
Bolton Barber Studio Denver,barber shop / Barber shop,(303) 901-1163,"10160 W 50th Ave Unit 3 Suite 104, Wheat Ridge, CO 80033, USA",80033,5,114,http://boltonbarberstudiodenver.com/,placeholder,,https://maps.google.com/?cid=13871604973306467073&g_mp=Cidnb29nbGUubWFwcy5wbGFjZXMudjEuUGxhY2VzLlNlYXJjaFRleHQQAhgEIAA,6/5/2026,matched placeholder phrase: 'default page',,google reviews (mentioned 7x): Chris,ChIJn0JY6u6Ha4cRAVN5cjrXgcA,not_called,,
Fresh Fades by T (ASK FOR TEE) Appointments Only,barber shop / Barber shop,(720) 297-8561,"Appointments only, 15005 E Mississippi Ave, Aurora, CO 80012, USA",80012,4.8,106,http://freshfadesbyt.com/,placeholder,,https://maps.google.com/?cid=11407733974946790667&g_mp=Cidnb29nbGUubWFwcy5wbGFjZXMudjEuUGxhY2VzLlNlYXJjaFRleHQQAhgEIAA,6/5/2026,page very short (56 chars of text),,,ChIJ99IntJNibIcRC73bBJxpUJ4,not_called,,
Little Man Landscaping LLC,landscaping / Services,(720) 755-2955,"1100 Dakin St, Denver, CO 80221, USA",80221,4.9,88,https://littlemanlandscapi.wixsite.com/littleman-landscapin,placeholder,,https://maps.google.com/?cid=5934282177899292623&g_mp=Cidnb29nbGUubWFwcy5wbGFjZXMudjEuUGxhY2VzLlNlYXJjaFRleHQQAhgEIAA,6/5/2026,auto-generated host → littlemanlandscapi.wixsite.com,,google reviews (mentioned 9x): Marco,ChIJE1gECXx3bIcRz2eeGjPOWlI,not_called,,
BodyWorks Massage and Wellness Center,massage therapy / Massage,(303) 933-5057,"6701 W Ken Caryl Ave, Littleton, CO 80128, USA",80128,4.8,75,http://www.bodyworkslittleton.com/,placeholder,,https://maps.google.com/?cid=4014544113535679589&g_mp=Cidnb29nbGUubWFwcy5wbGFjZXMudjEuUGxhY2VzLlNlYXJjaFRleHQQAhgEIAA,6/5/2026,matched placeholder phrase: 'default page',,google reviews (mentioned 2x): Jeremy,ChIJQVNWnmZ-a4cRZfxt7pmGtjc,not_called,,
Head to Toe Massage & Spa,massage therapy / Massage spa,(303) 919-2262,"2897 W Belleview Ave D, Littleton, CO 80123, USA",80123,4.8,50,http://headtotoemassageco.wixsite.com/80123,placeholder,,https://maps.google.com/?cid=5632763357920360212&g_mp=Cidnb29nbGUubWFwcy5wbGFjZXMudjEuUGxhY2VzLlNlYXJjaFRleHQQAhgEIAA,6/5/2026,auto-generated host → headtotoemassageco.wixsite.com,,google reviews (mentioned 6x): Tina,ChIJC2uq_sOBbIcRFPetLG6YK04,not_called,,
Your Best Massage,massage therapy / Massage,(704) 999-6423,"110 Yuma St, Denver, CO 80223, USA",80223,5,22,https://yourbestmassage.wixsite.com/yourbestmassage,placeholder,,https://maps.google.com/?cid=5853182917839868864&g_mp=Cidnb29nbGUubWFwcy5wbGFjZXMudjEuUGxhY2VzLlNlYXJjaFRleHQQAhgEIAA,6/5/2026,auto-generated host → yourbestmassage.wixsite.com,,google reviews (mentioned 15x): Chris,ChIJe-Oije6HbIcRwNM6L9quOlE,not_called,,
C&c green lawn and landscaping service,lawn care / General Contractor,(720) 381-8937,"1905 W Girton Ave, Englewood, CO 80110, USA",80110,4.8,21,https://ccgreenlawncarelandscapedesign.wordpress.com/,placeholder,,https://maps.google.com/?cid=15141371064340377466&g_mp=Cidnb29nbGUubWFwcy5wbGFjZXMudjEuUGxhY2VzLlNlYXJjaFRleHQQAhgEIAA,6/5/2026,auto-generated host → ccgreenlawncarelandscapedesign.wordpress.com,,google reviews (mentioned 4x): Jimmy,ChIJfUW55BlXI4UReu9itsL0INI,not_called,,
Mr Hoang Lawn Care Garden Landscape Services,landscaping / General Contractor,(720) 445-5599,"3564 W Alamo Dr, Littleton, CO 80123, USA",80123,4.8,21,https://hoanglandscape.com/,placeholder,,https://maps.google.com/?cid=3662272600246078803&g_mp=Cidnb29nbGUubWFwcy5wbGFjZXMudjEuUGxhY2VzLlNlYXJjaFRleHQQAhgEIAA,6/5/2026,page very short (80 chars of text),,google reviews (mentioned 2x): Ryan,ChIJ9UGPCNV_a4cRU01QwIYB0zI,not_called,,
Releaf Massage and Wellness Cannabis mobile massage,massage therapy / Massage,(720) 257-1792,"7575 E 29th Pl, Denver, CO 80238, USA",80238,4.9,19,http://www.releafmassageandwellness.com/,placeholder,,https://maps.google.com/?cid=10404700464483641041&g_mp=Cidnb29nbGUubWFwcy5wbGFjZXMudjEuUGxhY2VzLlNlYXJjaFRleHQQAhgEIAA,6/5/2026,page very short (56 chars of text),Meet,google reviews (mentioned 4x): Alina; web yelp.com: Best Mobile; web yelp.com: Updated May; web yelp.ca (owner mention): Meet,ChIJuZjkNrKAa4cR0abjK_LrZJA,not_called,,
Area Northwest Lawn Services,lawn care / Services,(303) 455-5296,"10529 W 77th Dr, Arvada, CO 80005, USA",80005,5,9,https://www.areanorthwestlawnservices.com/,placeholder,,https://maps.google.com/?cid=107790810320692950&g_mp=Cidnb29nbGUubWFwcy5wbGFjZXMudjEuUGxhY2VzLlNlYXJjaFRleHQQAhgEIAA,6/5/2026,matched placeholder phrase: 'default page',Robb,google reviews (mentioned 3x): Robb; web chamberofcommerce.com (owner mention): Robb; web yelp.com (owner mention): Knowledgeable,ChIJMThHdLmHa4cR1mY3vyvzfgE,not_called,,
Sol State Massage and Integrative Bodywork,massage therapy / Massage,(630) 702-9039,"2949 Federal Blvd Suite 234, Denver, CO 80211, USA",80211,5,7,https://solstatebodywork.squarespace.com/,placeholder,,https://maps.google.com/?cid=13174909343977611755&g_mp=Cidnb29nbGUubWFwcy5wbGFjZXMudjEuUGxhY2VzLlNlYXJjaFRleHQQAhgEIAA,6/5/2026,auto-generated host → solstatebodywork.squarespace.com,,google reviews (mentioned 7x): Angelina,ChIJYbsA9Z55bIcR66HCoz6u1rY,not_called,,
Milehighblades,barber shop / Barber shop,(720) 628-2481,"2922 W Jewell Ave, Denver, CO 80219, USA",80219,4.8,79,https://linktr.ee/mhblades.barbershop,social_only,,https://maps.google.com/?cid=6074027370418766226&g_mp=Cidnb29nbGUubWFwcy5wbGFjZXMudjEuUGxhY2VzLlNlYXJjaFRleHQQAhgEIAA,6/5/2026,link aggregator → linktr.ee,,google reviews (mentioned 5x): High,ChIJh_PiLel_bIcRkoHPObZHS1Q,not_called,,
PaWash Pet Spa LLC,pet grooming / Pet Care,(303) 806-0911,"3511 S Logan St, Englewood, CO 80113, USA",80113,4.9,78,http://www.facebook.com/pawashpetspa,social_only,,https://maps.google.com/?cid=15944922262885492233&g_mp=Cidnb29nbGUubWFwcy5wbGFjZXMudjEuUGxhY2VzLlNlYXJjaFRleHQQAhgEIAA,6/5/2026,social URL → facebook.com,Rick,google reviews (owner mention): Rick; web yelp.com (owner mention): Information; web qualitybusinessawards.com: Pet Grooming,ChIJ2_MHmfGBbIcRCeaBelG-R90,not_called,,
Somnium Therapeutics - Massage and Bodywork,massage therapy / Massage,(720) 296-0775,"2048 Larimer St #200, Denver, CO 80205, USA",80205,5,68,https://linktr.ee/somnium.therapeutics,social_only,,https://maps.google.com/?cid=6598950493887977257&g_mp=Cidnb29nbGUubWFwcy5wbGFjZXMudjEuUGxhY2VzLlNlYXJjaFRleHQQAhgEIAA,6/5/2026,link aggregator → linktr.ee,,google reviews (mentioned 5x): Val,ChIJQzscy4x5bIcRKdeU7oIulFs,not_called,,
Petology Groomery,pet grooming / Pet Care,(303) 797-4248,"9719 W Coal Mine Ave H, Littleton, CO 80123, USA",80123,4.8,60,https://www.facebook.com/petologygroomery/,social_only,,https://maps.google.com/?cid=12135643896925031538&g_mp=Cidnb29nbGUubWFwcy5wbGFjZXMudjEuUGxhY2VzLlNlYXJjaFRleHQQAhgEIAA,6/5/2026,social URL → facebook.com,,google reviews (mentioned 2x): You,ChIJhWc7z3p_a4cRcozarNN3aqg,not_called,,
Boulevard “BLVD” Barbers,barber shop / Barber shop,(720) 346-6256,"395 W Littleton Blvd Ste. B, Littleton, CO 80120, USA",80120,4.9,56,https://linktr.ee/boulevardblvdbarbers,social_only,,https://maps.google.com/?cid=8734857358793807030&g_mp=Cidnb29nbGUubWFwcy5wbGFjZXMudjEuUGxhY2VzLlNlYXJjaFRleHQQAhgEIAA,6/5/2026,link aggregator → linktr.ee,Jesus,google reviews (owner mention): Jesus; google reviews (mentioned 3x): Gabe,ChIJ7_pUQO-BbIcRtpScEn1yOHk,not_called,,
Sit and Stay Grooming,pet grooming / Pet Care,(720) 492-3884,"3828 S Broadway, Englewood, CO 80113, USA",80113,4.8,42,https://www.facebook.com/share/1XDor2o53M/?mibextid=LQQJ4d,social_only,,https://maps.google.com/?cid=5392982306716584761&g_mp=Cidnb29nbGUubWFwcy5wbGFjZXMudjEuUGxhY2VzLlNlYXJjaFRleHQQAhgEIAA,6/5/2026,social URL → facebook.com,,google reviews (mentioned 5x): Jen; web facebook.com: Stay Grooming,ChIJP_tN1k6BbIcROQvPr9W410o,not_called,,
FadedbyElias,barber shop / Barber shop,,"7873 W Jewell Ave suit 1, Lakewood, CO 80232, USA",80232,5,40,https://linktr.ee/fadedbyelias,social_only,,https://maps.google.com/?cid=5137947380157831549&g_mp=Cidnb29nbGUubWFwcy5wbGFjZXMudjEuUGxhY2VzLlNlYXJjaFRleHQQAhgEIAA,6/5/2026,link aggregator → linktr.ee,,google reviews (mentioned 5x): Elias,ChIJLT0MAgiBa4cRfdn0lOunTUc,not_called,,
Slay’d Nail Studio,nail salon / Nail Salon,(720) 461-6222,"14152 E Cedar Ave Ste 107, Aurora, CO 80012, USA",80012,5,11,http://instagram.com/NailByAlisaMarie,social_only,,https://maps.google.com/?cid=680789822580962269&g_mp=Cidnb29nbGUubWFwcy5wbGFjZXMudjEuUGxhY2VzLlNlYXJjaFRleHQQAhgEIAA,6/5/2026,social URL → instagram.com,,google reviews (mentioned 6x): Alisa,ChIJ75mgYOVjbIcR3bOjlbymcgk,not_called,,
Grooming by Jen,pet grooming / Pet Care,(720) 375-0237,"5150 S Federal Blvd, Littleton, CO 80123, USA",80123,5,7,http://facebook.com/ColoradoGroomingbyJen,social_only,,https://maps.google.com/?cid=2243250022861142021&g_mp=Cidnb29nbGUubWFwcy5wbGFjZXMudjEuUGxhY2VzLlNlYXJjaFRleHQQAhgEIAA,6/5/2026,social URL → facebook.com,,,ChIJ-4VRPX2AbIcRBXgGswKgIR8,not_called,,
Hoffman Heights S&R Barber Shop,barber shop / Barber shop,(303) 366-6750,"636C Peoria St, Aurora, CO 80011, USA",80011,4.8,239,https://www.yelp.com/biz/hoffman-heights-s-and-r-barber-shop-aurora,directory,,https://maps.google.com/?cid=9707272801719166777&g_mp=Cidnb29nbGUubWFwcy5wbGFjZXMudjEuUGxhY2VzLlNlYXJjaFRleHQQAhgEIAA,6/5/2026,directory URL → yelp.com,Ruben,google reviews (owner mention): Ruben; google reviews (mentioned 3x): David,ChIJJZ6ga818bIcROSdIjC4pt4Y,not_called,,
QHAUL Junk Removal,junk removal / Services,(720) 500-2022,"17033 E Pacific Pl, Aurora, CO 80013, USA",80013,5,422,http://www.qhauljunk.com/,unreachable,,https://maps.google.com/?cid=9041208372066720471&g_mp=Cidnb29nbGUubWFwcy5wbGFjZXMudjEuUGxhY2VzLlNlYXJjaFRleHQQAhgEIAA,6/5/2026,site unreachable (ConnectionError),Shipp,web yelp.com: Updated May; web bbb.org (owner mention): Shipp,ChIJpU53095qPwAR1xpTrRzTeH0,not_called,,
Quincy Barbers LLC,barber shop / Barber shop,(720) 208-3957,"460 E Quincy Ave, Englewood, CO 80113, USA",80113,4.8,402,http://quincy-barbers.com/,unreachable,,https://maps.google.com/?cid=6394714165290864031&g_mp=Cidnb29nbGUubWFwcy5wbGFjZXMudjEuUGxhY2VzLlNlYXJjaFRleHQQAhgEIAA,6/5/2026,site unreachable (ConnectionError),,google reviews (mentioned 5x): Sean,ChIJMzTvd2CAbIcRnw1SFqeWvlg,not_called,,
MQ Landscaping & Tree Services,tree service / Services,(720) 949-3979,"1420 S Lewiston St, Aurora, CO 80017, USA",80017,4.9,119,http://mqlandscapingtreeservices.com/,unreachable,,https://maps.google.com/?cid=14712540343290863390&g_mp=Cidnb29nbGUubWFwcy5wbGFjZXMudjEuUGxhY2VzLlNlYXJjaFRleHQQAhgEIAA,6/5/2026,site unreachable (ConnectionError),,google reviews (mentioned 4x): Moises,ChIJZ7fw7IdibIcRHp906X1xLcw,not_called,,
Blue Ridge Landscaping Design,landscaping / General Contractor,(720) 318-2151,"7220 E 72nd Ave #202, Commerce City, CO 80022, USA",80022,4.9,70,http://www.blueridgelandscapingdesign.com/,unreachable,,https://maps.google.com/?cid=1811711076531742715&g_mp=Cidnb29nbGUubWFwcy5wbGFjZXMudjEuUGxhY2VzLlNlYXJjaFRleHQQAhgEIAA,6/5/2026,site unreachable (ConnectionError),,google reviews (mentioned 5x): Denilson,ChIJV3Px_PLAGgIR-6dQEKB9JBk,not_called,,
Dirty Whip Details,auto detailing / Car Wash,(720) 595-1551,"5534 Crystal Way, Denver, CO 80239, USA",80239,5,7,http://dirtywhipdetails.com/,unreachable,,https://maps.google.com/?cid=8348813290408488973&g_mp=Cidnb29nbGUubWFwcy5wbGFjZXMudjEuUGxhY2VzLlNlYXJjaFRleHQQAhgEIAA,6/5/2026,site unreachable (ConnectionError),Preciado,google reviews (mentioned 2x): Carlos; web bbb.org (owner mention): Preciado,ChIJUdDultFlbIcRDbDbJnTx3HM,not_called,,
Holistic Wellness Spa,massage therapy / Massage spa,(303) 669-2737,"11111 E Mississippi Ave #210, Aurora, CO 80012, USA",80012,5,6,https://holisticwellnessspas.com/,unreachable,,https://maps.google.com/?cid=11640881407203567618&g_mp=Cidnb29nbGUubWFwcy5wbGFjZXMudjEuUGxhY2VzLlNlYXJjaFRleHQQAhgEIAA,6/5/2026,site unreachable (ConnectionError),,google reviews (mentioned 5x): Rita,ChIJvaO5SkR9bIcRAmjRvPa3jKE,not_called,,
A Touch of Peace: Massage Therapy & Bodywork,massage therapy / Massage,(720) 295-2661,"2727 Bryant St Suite 206, Denver, CO 80211, USA",80211,4.9,138,http://iamerynhays.com/massage-therapy,broken,,https://maps.google.com/?cid=10021308781171904097&g_mp=Cidnb29nbGUubWFwcy5wbGFjZXMudjEuUGxhY2VzLlNlYXJjaFRleHQQAhgEIAA,6/5/2026,broken link (HTTP 404),,google reviews (mentioned 11x): Eryn,ChIJd_ShPJiHa4cRYQ5Bxj3XEos,not_called,,
Ilaria Spa Therapies Massage Therapy - Emily Sanders LMT,massage therapy / Massage spa,(720) 290-5164,"Home Office Only, 8372 S Erickson Blvd, Littleton, CO 80129, USA",80129,5,52,https://www.vagaro.com/ilariaspatherapies,broken,,https://maps.google.com/?cid=11015025682921308063&g_mp=Cidnb29nbGUubWFwcy5wbGFjZXMudjEuUGxhY2VzLlNlYXJjaFRleHQQAhgEIAA,6/5/2026,broken link (HTTP 404),,,ChIJ8cpf3XOFbIcRnz9Unn873Zg,not_called,,
Fetching Fido,pet grooming / Pet Care,(303) 253-5340,"6596 S Broadway, Centennial, CO 80121, USA",80121,4.9,39,http://www.fetchingfidoco.com/,broken,,https://maps.google.com/?cid=14407001492387975084&g_mp=Cidnb29nbGUubWFwcy5wbGFjZXMudjEuUGxhY2VzLlNlYXJjaFRleHQQAhgEIAA,6/5/2026,broken link (HTTP 404),,google reviews (mentioned 5x): Julie,ChIJN4Ebo9OBbIcRrM9OmIbz78c,not_called,,
Mike Pomerantz LMT,massage therapy / Massage,(720) 515-2363,"7505 E 35th Ave #302, Denver, CO 80238, USA",80238,5,12,https://mikepomerantzlmt.my.canva.site/,broken,,https://maps.google.com/?cid=692232378689247082&g_mp=Cidnb29nbGUubWFwcy5wbGFjZXMudjEuUGxhY2VzLlNlYXJjaFRleHQQAhgEIAA,6/5/2026,broken link (HTTP 404),,,ChIJ93MMaPF7bIcRatfLSa5Nmwk,not_called,,
Swift Auto Detailing,auto detailing,(720) 347-0589,"1725 W Mississippi Ave, Denver, CO 80223, USA",80223,5,6,https://www.swiftdenverdetailing.com/,broken,,https://maps.google.com/?cid=11671139103398779272&g_mp=Cidnb29nbGUubWFwcy5wbGFjZXMudjEuUGxhY2VzLlNlYXJjaFRleHQQAhgEIAA,6/5/2026,broken link (HTTP 404),Jason,google reviews (owner mention): Jason; web m.yelp.com (owner mention): Often; web m.yelp.com: Swift Auto,ChIJERQTjVR_bIcRiFlBni03-KE,not_called,,
FB Mobile Auto Detailing LLC,auto detailing / Car Wash,(720) 253-5383,"7575 E Arkansas Ave #8-203, Denver, CO 80231, USA",80231,4.9,72,https://fbmobiledetailingdenver.com/,blocked,,https://maps.google.com/?cid=1275273007033322188&g_mp=Cidnb29nbGUubWFwcy5wbGFjZXMudjEuUGxhY2VzLlNlYXJjaFRleHQQAhgEIAA,6/5/2026,site blocks bots (HTTP 403),,google reviews (mentioned 6x): Sean,ChIJTbK_cwF2ZGQRzIrdDwuushE,not_called,,
Iron Hands Massage Therapy,massage therapy / Massage,(720) 556-2497,"8500 W Bowles Ave Ste 200, Littleton, CO 80123, USA",80123,5,52,http://www.massagebook.com/biz/ironhandsmassagetherapy,blocked,,https://maps.google.com/?cid=11947279763540917410&g_mp=Cidnb29nbGUubWFwcy5wbGFjZXMudjEuUGxhY2VzLlNlYXJjaFRleHQQAhgEIAA,6/5/2026,site blocks bots (HTTP 403),,google reviews (mentioned 7x): Kyle,ChIJAdlZUpGDbIcRorwRQqVDzaU,not_called,,
Pride Massage Therapy,massage therapy / Massage,(205) 200-2097,"1185 Xanthia St, Denver, CO 80220, USA",80220,5,9,http://www.massagebook.com/biz/PrideMassageTherapy,blocked,,https://maps.google.com/?cid=17899803939762824189&g_mp=Cidnb29nbGUubWFwcy5wbGFjZXMudjEuUGxhY2VzLlNlYXJjaFRleHQQAhgEIAA,6/5/2026,site blocks bots (HTTP 403),,google reviews (mentioned 4x): Nate,ChIJUzY5cAR9bIcR_WOzktjgaPg,not_called,,
